{"Position":{"x":-1.599999189376831,"y":0.5999998450279236,"z":0.0},"Gold":20,"Experience":7,"Difficulty":2,"Name":"Character","ItemAmounts":[4,0,0,0,1,0,1,0,0]}