{"Position":{"x":12.399992942810059,"y":7.799997329711914,"z":0.0},"Gold":0,"Experience":5,"Difficulty":2,"Name":"hello","ItemAmounts":[3,0,0,1,0,0,0,3,0]}